{
  "experiment_id": "drl_scheduling_20251205_024643",
  "algorithm": "PPO",
  "total_timesteps": 1000,
  "training_time_seconds": 1.0770790576934814,
  "final_mean_reward": 0.21270800000000004,
  "final_std_reward": 2.7755575615628914e-17,
  "reward_history": [
    "-1.7872916",
    "-2.750625",
    "-1.7872916",
    "-3.2129169",
    "-1.2872915",
    "-0.78729165",
    "-3.274375",
    "-2.7506251",
    "-3.274375",
    "-3.9377081",
    "-2.7506251",
    "-2.7506251",
    "-2.750625",
    "0.21270834",
    "-3.274375",
    "-3.2129166",
    "-2.7506251",
    "-0.28729165",
    "-0.28729165",
    "-2.7506251",
    "-2.7506251",
    "-0.28729165",
    "-3.4139583",
    "-3.274375",
    "-2.7506251",
    "-2.7506251",
    "-2.7506251",
    "-1.2872916",
    "-3.87625",
    "-3.4139583",
    "-1.7872916",
    "-2.750625",
    "-1.7872916",
    "-2.7506251",
    "-2.750625",
    "-1.2872916",
    "-2.7506251",
    "-2.7506247",
    "-1.2872916",
    "-2.7506251",
    "-2.7506251",
    "0.21270834",
    "-2.7506251",
    "-1.2872916",
    "-3.274375",
    "-0.28729165",
    "-1.2872916",
    "-0.78729165",
    "-0.2872917",
    "-0.78729165",
    "-1.2872916",
    "-2.7506251",
    "-1.2872916",
    "-1.2872915",
    "-2.7506251",
    "-2.7506251",
    "-2.7506251",
    "-1.2872916",
    "-2.7506251",
    "-2.7506251",
    "-2.7506251",
    "-1.7872916",
    "-2.7506251",
    "-0.28729165",
    "-1.7872916",
    "-1.2872916",
    "-2.7506251",
    "-3.4139585",
    "0.21270834",
    "-1.7872916",
    "0.21270834",
    "-1.7872914",
    "0.21270834",
    "-0.28729165",
    "-0.78729165",
    "-0.2872917",
    "-0.78729165",
    "-0.2872917",
    "-0.78729165",
    "-1.7872916",
    "-0.28729165",
    "0.21270834",
    "-2.7506251",
    "-0.28729165",
    "-0.28729165",
    "-0.28729165",
    "-0.2872917",
    "-0.28729165",
    "-3.274375",
    "-0.28729165",
    "0.21270834",
    "-0.28729165",
    "-2.750625",
    "-2.7506251",
    "-1.7872916",
    "-0.78729165",
    "-0.78729165",
    "-0.28729165",
    "0.21270834",
    "0.21270834",
    "-0.28729165",
    "0.21270834",
    "-0.78729165",
    "-2.7506251",
    "-0.28729165",
    "-1.2872916",
    "-1.2872916",
    "-0.78729165",
    "0.21270834",
    "-1.2872916",
    "-0.28729165",
    "-1.2872916",
    "0.21270834",
    "0.21270834",
    "-0.78729165",
    "0.21270834",
    "-0.28729165",
    "-0.28729165",
    "-0.78729165",
    "-0.2872917",
    "-0.28729165",
    "-0.78729165",
    "-0.28729165",
    "0.21270834",
    "-0.78729165",
    "-0.28729165",
    "0.21270834",
    "0.21270834",
    "0.21270834",
    "-0.28729165",
    "0.21270834",
    "0.21270834",
    "0.21270834",
    "-0.28729165",
    "-0.28729165",
    "-0.78729165",
    "0.21270834",
    "0.21270834",
    "-0.28729165",
    "-0.78729165",
    "-0.78729165",
    "-0.28729165",
    "0.21270834",
    "0.21270834",
    "0.21270834",
    "0.21270834",
    "0.21270834",
    "0.21270834",
    "-0.28729165",
    "0.21270834",
    "0.21270834",
    "0.21270834",
    "0.21270834",
    "0.21270834",
    "-0.28729165",
    "0.21270834",
    "0.21270834",
    "0.21270834",
    "0.21270834",
    "0.21270834",
    "0.21270834",
    "-0.2872917",
    "0.21270834",
    "0.21270834",
    "0.21270834",
    "0.21270834",
    "0.21270834",
    "-0.2872917",
    "0.21270834",
    "0.21270834",
    "0.21270834",
    "0.21270834"
  ],
  "final_makespan": 135.0,
  "final_tardiness": 0.0,
  "final_setup_time": 0.0,
  "baseline_reward": 0.0,
  "improvement_pct": 0.0,
  "regret_curve": [
    "1.7872916",
    "2.750625",
    "1.7872916",
    "3.2129169",
    "1.2872915",
    "0.78729165",
    "3.274375",
    "2.7506251",
    "3.274375",
    "3.9377081",
    "2.7506251",
    "2.7506251",
    "2.750625",
    "-0.21270834",
    "3.274375",
    "3.2129166",
    "2.7506251",
    "0.28729165",
    "0.28729165",
    "2.7506251",
    "2.7506251",
    "0.28729165",
    "3.4139583",
    "3.274375",
    "2.7506251",
    "2.7506251",
    "2.7506251",
    "1.2872916",
    "3.87625",
    "3.4139583",
    "1.7872916",
    "2.750625",
    "1.7872916",
    "2.7506251",
    "2.750625",
    "1.2872916",
    "2.7506251",
    "2.7506247",
    "1.2872916",
    "2.7506251",
    "2.7506251",
    "-0.21270834",
    "2.7506251",
    "1.2872916",
    "3.274375",
    "0.28729165",
    "1.2872916",
    "0.78729165",
    "0.2872917",
    "0.78729165",
    "1.2872916",
    "2.7506251",
    "1.2872916",
    "1.2872915",
    "2.7506251",
    "2.7506251",
    "2.7506251",
    "1.2872916",
    "2.7506251",
    "2.7506251",
    "2.7506251",
    "1.7872916",
    "2.7506251",
    "0.28729165",
    "1.7872916",
    "1.2872916",
    "2.7506251",
    "3.4139585",
    "-0.21270834",
    "1.7872916",
    "-0.21270834",
    "1.7872914",
    "-0.21270834",
    "0.28729165",
    "0.78729165",
    "0.2872917",
    "0.78729165",
    "0.2872917",
    "0.78729165",
    "1.7872916",
    "0.28729165",
    "-0.21270834",
    "2.7506251",
    "0.28729165",
    "0.28729165",
    "0.28729165",
    "0.2872917",
    "0.28729165",
    "3.274375",
    "0.28729165",
    "-0.21270834",
    "0.28729165",
    "2.750625",
    "2.7506251",
    "1.7872916",
    "0.78729165",
    "0.78729165",
    "0.28729165",
    "-0.21270834",
    "-0.21270834",
    "0.28729165",
    "-0.21270834",
    "0.78729165",
    "2.7506251",
    "0.28729165",
    "1.2872916",
    "1.2872916",
    "0.78729165",
    "-0.21270834",
    "1.2872916",
    "0.28729165",
    "1.2872916",
    "-0.21270834",
    "-0.21270834",
    "0.78729165",
    "-0.21270834",
    "0.28729165",
    "0.28729165",
    "0.78729165",
    "0.2872917",
    "0.28729165",
    "0.78729165",
    "0.28729165",
    "-0.21270834",
    "0.78729165",
    "0.28729165",
    "-0.21270834",
    "-0.21270834",
    "-0.21270834",
    "0.28729165",
    "-0.21270834",
    "-0.21270834",
    "-0.21270834",
    "0.28729165",
    "0.28729165",
    "0.78729165",
    "-0.21270834",
    "-0.21270834",
    "0.28729165",
    "0.78729165",
    "0.78729165",
    "0.28729165",
    "-0.21270834",
    "-0.21270834",
    "-0.21270834",
    "-0.21270834",
    "-0.21270834",
    "-0.21270834",
    "0.28729165",
    "-0.21270834",
    "-0.21270834",
    "-0.21270834",
    "-0.21270834",
    "-0.21270834",
    "0.28729165",
    "-0.21270834",
    "-0.21270834",
    "-0.21270834",
    "-0.21270834",
    "-0.21270834",
    "-0.21270834",
    "0.2872917",
    "-0.21270834",
    "-0.21270834",
    "-0.21270834",
    "-0.21270834",
    "-0.21270834",
    "0.2872917",
    "-0.21270834",
    "-0.21270834",
    "-0.21270834",
    "-0.21270834"
  ],
  "convergence_step": null,
  "is_converged": false,
  "model_path": "/Users/martimnicolau/mvp geral/backend/optimization/drl_scheduler/trained_models/drl_scheduling_20251205_024643.zip",
  "config": {
    "algorithm": "PPO",
    "learning_rate": 0.0003,
    "n_steps": 64,
    "batch_size": 32,
    "gamma": 0.99,
    "gae_lambda": 0.95,
    "clip_range": 0.2,
    "ent_coef": 0.01,
    "vf_coef": 0.5,
    "max_grad_norm": 0.5,
    "total_timesteps": 1000,
    "eval_freq": 5000,
    "n_eval_episodes": 10,
    "save_freq": 10000,
    "policy_type": "MlpPolicy",
    "net_arch": [
      256,
      256
    ],
    "n_envs": 1,
    "verbose": 0,
    "tensorboard_log": null,
    "experiment_name": "drl_scheduling",
    "seed": 42
  },
  "timestamp": "2025-12-05T02:46:43.806157"
}